{
    "10.png": [
        {
            "x_min": 0.4171566963195801,
            "y_min": 0.3550277054309845,
            "x_max": 0.5417538285255432,
            "y_max": 0.6079164147377014,
            "mask": true
        },
        {
            "x_min": 0.0,
            "y_min": 0.2617720663547516,
            "x_max": 0.0795169398188591,
            "y_max": 0.4696909189224243,
            "mask": true
        },
        {
            "x_min": 0.9043893218040466,
            "y_min": 0.32562255859375,
            "x_max": 0.9939572215080261,
            "y_max": 0.5115265250205994,
            "mask": true
        },
        {
            "x_min": 0.617060661315918,
            "y_min": 0.2181359976530075,
            "x_max": 0.6953220367431641,
            "y_max": 0.34115293622016907,
            "mask": true
        }
    ]
}