{
    "11.png": [
        {
            "x_min": 0.3549503982067108,
            "y_min": 0.3686314523220062,
            "x_max": 0.45950308442115784,
            "y_max": 0.5787879228591919,
            "mask": true
        },
        {
            "x_min": 0.10012400895357132,
            "y_min": 0.4287610650062561,
            "x_max": 0.16253679990768433,
            "y_max": 0.5357345342636108,
            "mask": true
        },
        {
            "x_min": 0.6557895541191101,
            "y_min": 0.5023778080940247,
            "x_max": 0.6993958353996277,
            "y_max": 0.581660807132721,
            "mask": true
        }
    ]
}