{
    "16.png": [
        {
            "x_min": 0.7162375450134277,
            "y_min": 0.17772643268108368,
            "x_max": 0.7616351246833801,
            "y_max": 0.2643324136734009,
            "mask": true
        },
        {
            "x_min": 0.47527435421943665,
            "y_min": 0.08170768618583679,
            "x_max": 0.5183438062667847,
            "y_max": 0.16705016791820526,
            "mask": false
        },
        {
            "x_min": 0.5955991148948669,
            "y_min": 0.3110576868057251,
            "x_max": 0.653436005115509,
            "y_max": 0.3834390342235565,
            "mask": true
        }
    ]
}