{
    "18.png": [
        {
            "x_min": 0.41498175263404846,
            "y_min": 0.41427433490753174,
            "x_max": 0.4570118188858032,
            "y_max": 0.5031040906906128,
            "mask": true
        },
        {
            "x_min": 0.2967933714389801,
            "y_min": 0.34420523047447205,
            "x_max": 0.3393380343914032,
            "y_max": 0.4285344183444977,
            "mask": true
        },
        {
            "x_min": 0.5357812643051147,
            "y_min": 0.18642345070838928,
            "x_max": 0.5598375201225281,
            "y_max": 0.232822984457016,
            "mask": false
        }
    ]
}