{
    "21.png": [
        {
            "x_min": 0.36848849058151245,
            "y_min": 0.02219448983669281,
            "x_max": 0.4658676087856293,
            "y_max": 0.2711562216281891,
            "mask": true
        },
        {
            "x_min": 0.6277669668197632,
            "y_min": 0.3974287509918213,
            "x_max": 0.711172878742218,
            "y_max": 0.5749794244766235,
            "mask": true
        }
    ]
}