{
    "26.png": [
        {
            "x_min": 0.823683500289917,
            "y_min": 0.5503401160240173,
            "x_max": 0.8716598153114319,
            "y_max": 0.6425641179084778,
            "mask": true
        },
        {
            "x_min": 0.6009426116943359,
            "y_min": 0.3255695402622223,
            "x_max": 0.6608920693397522,
            "y_max": 0.3966498374938965,
            "mask": true
        }
    ]
}