{
    "30.png": [
        {
            "x_min": 0.39134538173675537,
            "y_min": 0.18558810651302338,
            "x_max": 0.43343624472618103,
            "y_max": 0.2699677646160126,
            "mask": true
        },
        {
            "x_min": 0.6955950260162354,
            "y_min": 0.26742979884147644,
            "x_max": 0.7328465580940247,
            "y_max": 0.33840757608413696,
            "mask": true
        },
        {
            "x_min": 0.2719455659389496,
            "y_min": 0.2972704768180847,
            "x_max": 0.30377766489982605,
            "y_max": 0.3595196008682251,
            "mask": true
        }
    ]
}