{
    "36.png": [
        {
            "x_min": 0.603880763053894,
            "y_min": 0.260650098323822,
            "x_max": 0.624704122543335,
            "y_max": 0.2988069951534271,
            "mask": true
        },
        {
            "x_min": 0.3459610342979431,
            "y_min": 0.28186744451522827,
            "x_max": 0.3630833029747009,
            "y_max": 0.31186985969543457,
            "mask": true
        },
        {
            "x_min": 0.4658563435077667,
            "y_min": 0.286947637796402,
            "x_max": 0.4831312894821167,
            "y_max": 0.31915467977523804,
            "mask": true
        },
        {
            "x_min": 0.39660826325416565,
            "y_min": 0.35772934556007385,
            "x_max": 0.41177189350128174,
            "y_max": 0.3824831247329712,
            "mask": true
        }
    ]
}