{
    "4.png": [
        {
            "x_min": 0.6408085227012634,
            "y_min": 0.29280662536621094,
            "x_max": 0.7375248670578003,
            "y_max": 0.49355822801589966,
            "mask": true
        },
        {
            "x_min": 0.24099549651145935,
            "y_min": 0.2791658937931061,
            "x_max": 0.3166869580745697,
            "y_max": 0.47278347611427307,
            "mask": true
        }
    ]
}