{
    "43.png": [
        {
            "x_min": 0.45211267471313477,
            "y_min": 0.31871235370635986,
            "x_max": 0.48318639397621155,
            "y_max": 0.3864865303039551,
            "mask": false
        },
        {
            "x_min": 0.3332074284553528,
            "y_min": 0.3189700245857239,
            "x_max": 0.3627755641937256,
            "y_max": 0.38604676723480225,
            "mask": false
        }
    ]
}