{
    "45.png": [
        {
            "x_min": 0.36525046825408936,
            "y_min": 0.4543570280075073,
            "x_max": 0.4051864445209503,
            "y_max": 0.5316557288169861,
            "mask": false
        },
        {
            "x_min": 0.49614670872688293,
            "y_min": 0.4586383104324341,
            "x_max": 0.5322400331497192,
            "y_max": 0.5269032716751099,
            "mask": false
        },
        {
            "x_min": 0.3143584728240967,
            "y_min": 0.4492834508419037,
            "x_max": 0.3357698321342468,
            "y_max": 0.4913608133792877,
            "mask": false
        },
        {
            "x_min": 0.23518876731395721,
            "y_min": 0.47788888216018677,
            "x_max": 0.257750540971756,
            "y_max": 0.5210875868797302,
            "mask": false
        }
    ]
}