{
    "50.png": [
        {
            "x_min": 0.4688900113105774,
            "y_min": 0.32885733246803284,
            "x_max": 0.49780645966529846,
            "y_max": 0.3825473189353943,
            "mask": true
        },
        {
            "x_min": 0.6121616363525391,
            "y_min": 0.3891265094280243,
            "x_max": 0.632817268371582,
            "y_max": 0.4248194396495819,
            "mask": true
        }
    ]
}