{
    "58.png": [
        {
            "x_min": 0.25816968083381653,
            "y_min": 0.252707839012146,
            "x_max": 0.37192195653915405,
            "y_max": 0.46251678466796875,
            "mask": false
        }
    ]
}