{
    "62.png": [
        {
            "x_min": 0.49479940533638,
            "y_min": 0.11657553911209106,
            "x_max": 0.5682304501533508,
            "y_max": 0.25399574637413025,
            "mask": false
        },
        {
            "x_min": 0.2564544379711151,
            "y_min": 0.3617671728134155,
            "x_max": 0.321813702583313,
            "y_max": 0.5082663893699646,
            "mask": false
        },
        {
            "x_min": 0.8150395154953003,
            "y_min": 0.20701026916503906,
            "x_max": 0.8474971055984497,
            "y_max": 0.26674550771713257,
            "mask": false
        }
    ]
}