{
    "63.png": [
        {
            "x_min": 0.5499383807182312,
            "y_min": 0.15180231630802155,
            "x_max": 0.595138669013977,
            "y_max": 0.23752348124980927,
            "mask": false
        },
        {
            "x_min": 0.705245852470398,
            "y_min": 0.10439027845859528,
            "x_max": 0.7420656681060791,
            "y_max": 0.19588211178779602,
            "mask": false
        },
        {
            "x_min": 0.2743696868419647,
            "y_min": 0.10354907810688019,
            "x_max": 0.30415424704551697,
            "y_max": 0.1513976752758026,
            "mask": false
        },
        {
            "x_min": 0.17356906831264496,
            "y_min": 0.0948343425989151,
            "x_max": 0.19937221705913544,
            "y_max": 0.13635866343975067,
            "mask": false
        }
    ]
}