{
    "8.png": [
        {
            "x_min": 0.4628632068634033,
            "y_min": 0.07088732719421387,
            "x_max": 0.6487736701965332,
            "y_max": 0.45260414481163025,
            "mask": true
        },
        {
            "x_min": 0.25816282629966736,
            "y_min": 0.295108437538147,
            "x_max": 0.46394965052604675,
            "y_max": 0.7115944027900696,
            "mask": true
        },
        {
            "x_min": 0.8851727843284607,
            "y_min": 0.06428705155849457,
            "x_max": 1.0,
            "y_max": 0.6608511805534363,
            "mask": true
        }
    ]
}