{
    "female-teacher-with-medical-mask-checking-student-s-temperature-school (1).jpg": [
        {
            "x_min": 0.4374622106552124,
            "y_min": 0.3379770517349243,
            "x_max": 0.5503917932510376,
            "y_max": 0.5476930141448975,
            "mask": true
        },
        {
            "x_min": 0.585090696811676,
            "y_min": 0.2192370444536209,
            "x_max": 0.6702498197555542,
            "y_max": 0.3916260898113251,
            "mask": true
        },
        {
            "x_min": 0.8119848966598511,
            "y_min": 0.11796668916940689,
            "x_max": 0.8917431831359863,
            "y_max": 0.2891857326030731,
            "mask": true
        }
    ]
}