{
    "female-teacher-with-medical-mask-checking-student-s-temperature-school.jpg": [
        {
            "x_min": 0.39364761114120483,
            "y_min": 0.2540731430053711,
            "x_max": 0.5848256945610046,
            "y_max": 0.635309636592865,
            "mask": true
        },
        {
            "x_min": 0.22334368526935577,
            "y_min": 0.3542200028896332,
            "x_max": 0.3555932641029358,
            "y_max": 0.5965781211853027,
            "mask": true
        },
        {
            "x_min": 0.08141829073429108,
            "y_min": 0.23239228129386902,
            "x_max": 0.1865599900484085,
            "y_max": 0.43936020135879517,
            "mask": true
        }
    ]
}