{
    "front-view-back-school-covid-concept.jpg": [
        {
            "x_min": 0.7062729001045227,
            "y_min": 0.27679991722106934,
            "x_max": 0.822942316532135,
            "y_max": 0.4955158829689026,
            "mask": true
        },
        {
            "x_min": 0.14199967682361603,
            "y_min": 0.37611228227615356,
            "x_max": 0.279992014169693,
            "y_max": 0.6140874624252319,
            "mask": true
        },
        {
            "x_min": 0.436981737613678,
            "y_min": 0.08837639540433884,
            "x_max": 0.5536973476409912,
            "y_max": 0.2697114050388336,
            "mask": true
        },
        {
            "x_min": 0.8834818005561829,
            "y_min": 0.3704286217689514,
            "x_max": 0.9234964847564697,
            "y_max": 0.4477161467075348,
            "mask": true
        }
    ]
}