{
    "kelly-sikkema-r2hTBxEkgWQ-unsplash.jpg": [
        {
            "x_min": 0.5301143527030945,
            "y_min": 0.15355844795703888,
            "x_max": 0.6434440612792969,
            "y_max": 0.3632374703884125,
            "mask": true
        }
    ]
}