{
    "kids-school-during-covid-concept.jpg": [
        {
            "x_min": 0.48783963918685913,
            "y_min": 0.2680133283138275,
            "x_max": 0.6327800154685974,
            "y_max": 0.5478155016899109,
            "mask": true
        },
        {
            "x_min": 0.2566409111022949,
            "y_min": 0.13603278994560242,
            "x_max": 0.3469931483268738,
            "y_max": 0.2432675063610077,
            "mask": true
        }
    ]
}