{
    "kids-disinfecting-their-hands-before-class.jpg": [
        {
            "x_min": 0.45125454664230347,
            "y_min": 0.3584892451763153,
            "x_max": 0.5703917145729065,
            "y_max": 0.5664607286453247,
            "mask": true
        },
        {
            "x_min": 0.30095425248146057,
            "y_min": 0.27077481150627136,
            "x_max": 0.3557530641555786,
            "y_max": 0.3856278955936432,
            "mask": true
        },
        {
            "x_min": 0.07350058108568192,
            "y_min": 0.16514959931373596,
            "x_max": 0.13924893736839294,
            "y_max": 0.2799939513206482,
            "mask": true
        }
    ]
}