{
    "pexels-charlotte-may-5965756.jpg": [
        {
            "x_min": 0.7499669194221497,
            "y_min": 0.34280893206596375,
            "x_max": 0.7925903797149658,
            "y_max": 0.4383285939693451,
            "mask": true
        },
        {
            "x_min": 0.5910383462905884,
            "y_min": 0.31707367300987244,
            "x_max": 0.6294990181922913,
            "y_max": 0.39914199709892273,
            "mask": true
        }
    ]
}