{
    "pexels-august-de-richelieu-4261252.jpg": [
        {
            "x_min": 0.1914183497428894,
            "y_min": 0.2083839476108551,
            "x_max": 0.31147301197052,
            "y_max": 0.49062883853912354,
            "mask": false
        },
        {
            "x_min": 0.4963158667087555,
            "y_min": 0.24559661746025085,
            "x_max": 0.6026199460029602,
            "y_max": 0.4655713737010956,
            "mask": true
        }
    ]
}