{
    "pexels-charlotte-may-5965612.jpg": [
        {
            "x_min": 0.661271333694458,
            "y_min": 0.1717592030763626,
            "x_max": 0.739657461643219,
            "y_max": 0.3183562457561493,
            "mask": true
        }
    ]
}