{
    "pexels-gustavo-fring-4127449.jpg": [
        {
            "x_min": 0.6442669034004211,
            "y_min": 0.33140113949775696,
            "x_max": 0.6735503673553467,
            "y_max": 0.3835148215293884,
            "mask": true
        },
        {
            "x_min": 0.40378040075302124,
            "y_min": 0.40263646841049194,
            "x_max": 0.42913365364074707,
            "y_max": 0.4512386620044708,
            "mask": true
        },
        {
            "x_min": 0.502784013748169,
            "y_min": 0.3343416452407837,
            "x_max": 0.5298436284065247,
            "y_max": 0.386766254901886,
            "mask": true
        },
        {
            "x_min": 0.31746336817741394,
            "y_min": 0.273209810256958,
            "x_max": 0.34553515911102295,
            "y_max": 0.3322436511516571,
            "mask": true
        }
    ]
}