{
    "pexels-yan-krukau-8617619.jpg": [
        {
            "x_min": 0.6206629872322083,
            "y_min": 0.18977899849414825,
            "x_max": 0.6677119135856628,
            "y_max": 0.28486672043800354,
            "mask": false
        },
        {
            "x_min": 0.7104524970054626,
            "y_min": 0.18365053832530975,
            "x_max": 0.76169753074646,
            "y_max": 0.28283455967903137,
            "mask": false
        },
        {
            "x_min": 0.3179076611995697,
            "y_min": 0.18838363885879517,
            "x_max": 0.3440118730068207,
            "y_max": 0.25283941626548767,
            "mask": false
        },
        {
            "x_min": 0.22033891081809998,
            "y_min": 0.16831660270690918,
            "x_max": 0.24157819151878357,
            "y_max": 0.213639497756958,
            "mask": false
        }
    ]
}