{
    "pexels-rdne-stock-project-8499563.jpg": [
        {
            "x_min": 0.29368698596954346,
            "y_min": 0.22474098205566406,
            "x_max": 0.3935351073741913,
            "y_max": 0.40469425916671753,
            "mask": true
        },
        {
            "x_min": 0.6857057809829712,
            "y_min": 0.18906424939632416,
            "x_max": 0.797242283821106,
            "y_max": 0.44541439414024353,
            "mask": true
        }
    ]
}