{
    "side-view-children-with-medical-masks-classroom-learning.jpg": [
        {
            "x_min": 0.023240752518177032,
            "y_min": 0.04543277248740196,
            "x_max": 0.19761215150356293,
            "y_max": 0.42079320549964905,
            "mask": true
        },
        {
            "x_min": 0.5239463448524475,
            "y_min": 0.15661905705928802,
            "x_max": 0.645458996295929,
            "y_max": 0.38544145226478577,
            "mask": true
        }
    ]
}