{
    "side-view-kids-sitting-their-desk-while-social-distancing.jpg": [
        {
            "x_min": 0.5735563039779663,
            "y_min": 0.0908966138958931,
            "x_max": 0.6521878242492676,
            "y_max": 0.20819725096225739,
            "mask": true
        },
        {
            "x_min": 0.08654084801673889,
            "y_min": 0.20102716982364655,
            "x_max": 0.24503590166568756,
            "y_max": 0.49897557497024536,
            "mask": true
        },
        {
            "x_min": 0.44649699330329895,
            "y_min": 0.40105536580085754,
            "x_max": 0.4988780915737152,
            "y_max": 0.5320059061050415,
            "mask": false
        }
    ]
}