{
    "loss": [
        0.08278565853834152,
        0.03874548524618149,
        0.029739757999777794,
        0.027313705533742905,
        0.026660827919840813,
        0.02437339536845684
    ],
    "accuracy": [
        0.9700000286102295,
        0.9873999953269958,
        0.9904999732971191,
        0.9908000230789185,
        0.9919000267982483,
        0.9926000237464905
    ],
    "val_loss": [
        0.033365264534950256,
        0.021988075226545334,
        0.025706015527248383,
        0.02706155925989151,
        0.014847571030259132,
        0.0061063021421432495
    ],
    "val_accuracy": [
        0.987500011920929,
        0.9962499737739563,
        0.9900000095367432,
        0.9962499737739563,
        0.9950000047683716,
        1.0
    ]
}