{
    "loss": [
        0.24993537366390228,
        0.13987232744693756,
        0.11236176639795303,
        0.10461326688528061,
        0.09582871943712234,
        0.0843367874622345,
        0.0787622407078743,
        0.07903207093477249
    ],
    "accuracy": [
        0.9236000180244446,
        0.9488000273704529,
        0.9581000208854675,
        0.9603999853134155,
        0.9645000100135803,
        0.9703999757766724,
        0.9708999991416931,
        0.9714000225067139
    ],
    "val_loss": [
        0.21148744225502014,
        0.10973413288593292,
        0.11627884954214096,
        0.09668575972318649,
        0.07793646305799484,
        0.12141204625368118,
        0.09639535844326019,
        0.0762132927775383
    ],
    "val_accuracy": [
        0.9262499809265137,
        0.9512500166893005,
        0.9574999809265137,
        0.9624999761581421,
        0.9700000286102295,
        0.9537500143051147,
        0.9624999761581421,
        0.9712499976158142
    ]
}