{
    "loss": [
        0.04708809405565262,
        0.021697916090488434,
        0.018203862011432648,
        0.0161404088139534,
        0.017429135739803314,
        0.013270828872919083,
        0.016749484464526176,
        0.01210390031337738,
        0.015501616522669792,
        0.01254209503531456
    ],
    "accuracy": [
        0.9842187762260437,
        0.9927812218666077,
        0.9935937523841858,
        0.9946562647819519,
        0.9942499995231628,
        0.9956562519073486,
        0.9941874742507935,
        0.9957812428474426,
        0.9952812790870667,
        0.995718777179718
    ],
    "val_loss": [
        0.02142738178372383,
        0.019541362300515175,
        0.011762762442231178,
        0.014095650985836983,
        0.009569225832819939,
        0.008862048387527466,
        0.021259091794490814,
        0.007771204691380262,
        0.01644779182970524,
        0.01049660611897707
    ],
    "val_accuracy": [
        0.9929999709129333,
        0.9929999709129333,
        0.9950000047683716,
        0.9959999918937683,
        0.9965000152587891,
        0.9965000152587891,
        0.9929999709129333,
        0.996999979019165,
        0.9940000176429749,
        0.996999979019165
    ]
}