{
    "loss": [
        0.12262144684791565,
        0.04306358844041824,
        0.0361904576420784
    ],
    "accuracy": [
        0.9700000286102295,
        0.9876999855041504,
        0.9898999929428101
    ],
    "val_loss": [
        0.032334111630916595,
        0.02474067732691765,
        0.030927937477827072
    ],
    "val_accuracy": [
        0.9925000071525574,
        0.9937499761581421,
        0.9925000071525574
    ]
}