{
    "loss": [
        0.027958199381828308,
        0.009115881286561489,
        0.007499569095671177,
        0.006229559890925884,
        0.005817309021949768,
        0.005269545130431652
    ],
    "accuracy": [
        0.9902499914169312,
        0.9976249933242798,
        0.9975625276565552,
        0.9981250166893005,
        0.9981250166893005,
        0.9983749985694885
    ],
    "val_loss": [
        0.011393975466489792,
        0.010494601912796497,
        0.005261032842099667,
        0.0023124178405851126,
        0.004165327176451683,
        0.004966657608747482
    ],
    "val_accuracy": [
        0.9955000281333923,
        0.9959999918937683,
        0.9975000023841858,
        1.0,
        0.9984999895095825,
        0.9984999895095825
    ]
}