{
    "14.png": [
        {
            "x_min": 0.7587758302688599,
            "y_min": 0.32937905192375183,
            "x_max": 0.8060237765312195,
            "y_max": 0.42968907952308655,
            "mask": true
        },
        {
            "x_min": 0.4448584318161011,
            "y_min": 0.3506965637207031,
            "x_max": 0.49791836738586426,
            "y_max": 0.45311662554740906,
            "mask": true
        },
        {
            "x_min": 0.944307267665863,
            "y_min": 0.3320508897304535,
            "x_max": 0.9866846799850464,
            "y_max": 0.4104924499988556,
            "mask": true
        },
        {
            "x_min": 0.20848876237869263,
            "y_min": 0.1358834207057953,
            "x_max": 0.2634649872779846,
            "y_max": 0.24756577610969543,
            "mask": true
        }
    ]
}