{
    "15.png": [
        {
            "x_min": 0.40765380859375,
            "y_min": 0.1826287806034088,
            "x_max": 0.46667414903640747,
            "y_max": 0.2907174527645111,
            "mask": true
        },
        {
            "x_min": 0.1920487880706787,
            "y_min": 0.3041883409023285,
            "x_max": 0.24855861067771912,
            "y_max": 0.4006924331188202,
            "mask": true
        },
        {
            "x_min": 0.5799106359481812,
            "y_min": 0.21255923807621002,
            "x_max": 0.631758451461792,
            "y_max": 0.3396555185317993,
            "mask": true
        }
    ]
}