{
    "2.png": [
        {
            "x_min": 0.4637084901332855,
            "y_min": 0.3889007270336151,
            "x_max": 0.5326980948448181,
            "y_max": 0.5283002853393555,
            "mask": true
        },
        {
            "x_min": 0.7930206656455994,
            "y_min": 0.4779420793056488,
            "x_max": 0.8348814249038696,
            "y_max": 0.5628465414047241,
            "mask": true
        },
        {
            "x_min": 0.08504977077245712,
            "y_min": 0.4936077892780304,
            "x_max": 0.12205629795789719,
            "y_max": 0.5630127191543579,
            "mask": true
        },
        {
            "x_min": 0.8907250761985779,
            "y_min": 0.504697859287262,
            "x_max": 0.9180637001991272,
            "y_max": 0.5502960681915283,
            "mask": true
        }
    ]
}