{
    "20.png": [
        {
            "x_min": 0.524833083152771,
            "y_min": 0.42562538385391235,
            "x_max": 0.6450433135032654,
            "y_max": 0.6709920763969421,
            "mask": true
        },
        {
            "x_min": 0.4961826801300049,
            "y_min": 0.0964675098657608,
            "x_max": 0.56839919090271,
            "y_max": 0.25243860483169556,
            "mask": false
        },
        {
            "x_min": 0.3655526638031006,
            "y_min": 0.050485432147979736,
            "x_max": 0.4426616430282593,
            "y_max": 0.25418180227279663,
            "mask": false
        }
    ]
}