{
    "22.png": [
        {
            "x_min": 0.7386225461959839,
            "y_min": 0.27739670872688293,
            "x_max": 0.8167099356651306,
            "y_max": 0.4365983307361603,
            "mask": false
        },
        {
            "x_min": 0.5415771007537842,
            "y_min": 0.493200421333313,
            "x_max": 0.6286241412162781,
            "y_max": 0.6333061456680298,
            "mask": false
        }
    ]
}