{
    "23.png": [
        {
            "x_min": 0.31052374839782715,
            "y_min": 0.4083724021911621,
            "x_max": 0.39814379811286926,
            "y_max": 0.5554773211479187,
            "mask": true
        },
        {
            "x_min": 0.5039294362068176,
            "y_min": 0.3926839530467987,
            "x_max": 0.578818142414093,
            "y_max": 0.5702194571495056,
            "mask": true
        }
    ]
}