{
    "25.png": [
        {
            "x_min": 0.5197004079818726,
            "y_min": 0.405834436416626,
            "x_max": 0.6213930249214172,
            "y_max": 0.6031122803688049,
            "mask": true
        },
        {
            "x_min": 0.4599069356918335,
            "y_min": 0.13460145890712738,
            "x_max": 0.5492956638336182,
            "y_max": 0.30488282442092896,
            "mask": true
        },
        {
            "x_min": 0.341658353805542,
            "y_min": 0.2180493026971817,
            "x_max": 0.41149505972862244,
            "y_max": 0.42767348885536194,
            "mask": true
        }
    ]
}