{
    "29.png": [
        {
            "x_min": 0.40642446279525757,
            "y_min": 0.17472021281719208,
            "x_max": 0.4550078809261322,
            "y_max": 0.265506774187088,
            "mask": false
        },
        {
            "x_min": 0.3098834156990051,
            "y_min": 0.3128799498081207,
            "x_max": 0.3473896086215973,
            "y_max": 0.38113290071487427,
            "mask": false
        },
        {
            "x_min": 0.26168861985206604,
            "y_min": 0.23772099614143372,
            "x_max": 0.29587411880493164,
            "y_max": 0.3193083107471466,
            "mask": false
        },
        {
            "x_min": 0.5768125057220459,
            "y_min": 0.21865496039390564,
            "x_max": 0.6035788059234619,
            "y_max": 0.2921319007873535,
            "mask": false
        }
    ]
}