{
    "31.png": [
        {
            "x_min": 0.5141937732696533,
            "y_min": 0.3959018886089325,
            "x_max": 0.5527897477149963,
            "y_max": 0.4621978998184204,
            "mask": true
        },
        {
            "x_min": 0.5777781009674072,
            "y_min": 0.36960849165916443,
            "x_max": 0.612037718296051,
            "y_max": 0.43108004331588745,
            "mask": true
        },
        {
            "x_min": 0.3440511226654053,
            "y_min": 0.40268081426620483,
            "x_max": 0.3807316720485687,
            "y_max": 0.46213769912719727,
            "mask": true
        },
        {
            "x_min": 0.7489027976989746,
            "y_min": 0.3944150507450104,
            "x_max": 0.7888604998588562,
            "y_max": 0.46005600690841675,
            "mask": true
        }
    ]
}