{
    "35.png": [
        {
            "x_min": 0.2554839551448822,
            "y_min": 0.13954423367977142,
            "x_max": 0.3123573362827301,
            "y_max": 0.24536627531051636,
            "mask": true
        },
        {
            "x_min": 0.6357378363609314,
            "y_min": 0.12815146148204803,
            "x_max": 0.6835835576057434,
            "y_max": 0.23367376625537872,
            "mask": true
        },
        {
            "x_min": 0.512829065322876,
            "y_min": 0.10053080320358276,
            "x_max": 0.5665371417999268,
            "y_max": 0.21017411351203918,
            "mask": true
        },
        {
            "x_min": 0.8026584386825562,
            "y_min": 0.34419015049934387,
            "x_max": 0.8259225487709045,
            "y_max": 0.38970819115638733,
            "mask": true
        }
    ]
}