{
    "44.png": [
        {
            "x_min": 0.36313596367836,
            "y_min": 0.2035030871629715,
            "x_max": 0.39759236574172974,
            "y_max": 0.28436699509620667,
            "mask": false
        },
        {
            "x_min": 0.5690568685531616,
            "y_min": 0.1979665756225586,
            "x_max": 0.6034160852432251,
            "y_max": 0.269136518239975,
            "mask": false
        },
        {
            "x_min": 0.45499199628829956,
            "y_min": 0.2560710906982422,
            "x_max": 0.48551681637763977,
            "y_max": 0.3346586227416992,
            "mask": false
        }
    ]
}