{
    "47.png": [
        {
            "x_min": 0.566247820854187,
            "y_min": 0.44865185022354126,
            "x_max": 0.6004951596260071,
            "y_max": 0.5106983780860901,
            "mask": false
        },
        {
            "x_min": 0.6982480883598328,
            "y_min": 0.4454035758972168,
            "x_max": 0.7250550389289856,
            "y_max": 0.4937218427658081,
            "mask": false
        },
        {
            "x_min": 0.5111321210861206,
            "y_min": 0.45251038670539856,
            "x_max": 0.5380893349647522,
            "y_max": 0.5036303400993347,
            "mask": false
        },
        {
            "x_min": 0.6271635293960571,
            "y_min": 0.43064257502555847,
            "x_max": 0.6568834781646729,
            "y_max": 0.48894158005714417,
            "mask": false
        }
    ]
}