{
    "52.png": [
        {
            "x_min": 0.3987787365913391,
            "y_min": 0.40456461906433105,
            "x_max": 0.479256272315979,
            "y_max": 0.5744012594223022,
            "mask": false
        }
    ]
}