{
    "53.png": [
        {
            "x_min": 0.5505262017250061,
            "y_min": 0.19791896641254425,
            "x_max": 0.6076509356498718,
            "y_max": 0.3251107931137085,
            "mask": false
        },
        {
            "x_min": 0.7383536100387573,
            "y_min": 0.17433716356754303,
            "x_max": 0.7939369678497314,
            "y_max": 0.3143678605556488,
            "mask": false
        }
    ]
}