{
    "54.png": [
        {
            "x_min": 0.3630034327507019,
            "y_min": 0.20507247745990753,
            "x_max": 0.3971624970436096,
            "y_max": 0.2861628830432892,
            "mask": false
        },
        {
            "x_min": 0.5681071877479553,
            "y_min": 0.19980941712856293,
            "x_max": 0.6024243235588074,
            "y_max": 0.271271675825119,
            "mask": false
        },
        {
            "x_min": 0.4541669487953186,
            "y_min": 0.2580852508544922,
            "x_max": 0.48491960763931274,
            "y_max": 0.33629941940307617,
            "mask": false
        }
    ]
}