{
    "56.png": [
        {
            "x_min": 0.41944509744644165,
            "y_min": 0.3166511356830597,
            "x_max": 0.4968080222606659,
            "y_max": 0.46115565299987793,
            "mask": false
        },
        {
            "x_min": 0.3441242277622223,
            "y_min": 0.33411112427711487,
            "x_max": 0.41318073868751526,
            "y_max": 0.48271796107292175,
            "mask": false
        },
        {
            "x_min": 0.624923825263977,
            "y_min": 0.36241060495376587,
            "x_max": 0.6930931210517883,
            "y_max": 0.4956217110157013,
            "mask": false
        },
        {
            "x_min": 0.1993575543165207,
            "y_min": 0.3811081051826477,
            "x_max": 0.2645929157733917,
            "y_max": 0.5256947875022888,
            "mask": false
        }
    ]
}