{
    "57.png": [
        {
            "x_min": 0.20844455063343048,
            "y_min": 0.5204638838768005,
            "x_max": 0.25377705693244934,
            "y_max": 0.5670416355133057,
            "mask": false
        },
        {
            "x_min": 0.362090140581131,
            "y_min": 0.48880648612976074,
            "x_max": 0.4067036807537079,
            "y_max": 0.529747724533081,
            "mask": false
        }
    ]
}