{
    "6.png": [
        {
            "x_min": 0.519062340259552,
            "y_min": 0.25143593549728394,
            "x_max": 0.655035674571991,
            "y_max": 0.5290713310241699,
            "mask": true
        },
        {
            "x_min": 0.20970220863819122,
            "y_min": 0.15587426722049713,
            "x_max": 0.3586951196193695,
            "y_max": 0.4221370816230774,
            "mask": true
        },
        {
            "x_min": 0.8666645884513855,
            "y_min": 0.3039950132369995,
            "x_max": 0.9684686064720154,
            "y_max": 0.4603693187236786,
            "mask": true
        }
    ]
}