{
    "61.png": [
        {
            "x_min": 0.20744118094444275,
            "y_min": 0.2506228983402252,
            "x_max": 0.27647852897644043,
            "y_max": 0.3905956447124481,
            "mask": false
        },
        {
            "x_min": 0.4769483804702759,
            "y_min": 0.28386732935905457,
            "x_max": 0.5416427850723267,
            "y_max": 0.4100179076194763,
            "mask": false
        },
        {
            "x_min": 0.7382292151451111,
            "y_min": 0.2576958239078522,
            "x_max": 0.8008540868759155,
            "y_max": 0.3778008222579956,
            "mask": false
        }
    ]
}