{
    "64.png": [
        {
            "x_min": 0.317989706993103,
            "y_min": 0.08938656747341156,
            "x_max": 0.3889733552932739,
            "y_max": 0.2318268120288849,
            "mask": false
        },
        {
            "x_min": 0.6238020062446594,
            "y_min": 0.1381811946630478,
            "x_max": 0.68301922082901,
            "y_max": 0.24591568112373352,
            "mask": false
        },
        {
            "x_min": 0.061848290264606476,
            "y_min": 0.14625000953674316,
            "x_max": 0.17649488151073456,
            "y_max": 0.313283234834671,
            "mask": false
        }
    ]
}