{
    "7.png": [
        {
            "x_min": 0.5431855916976929,
            "y_min": 0.40102559328079224,
            "x_max": 0.6075449585914612,
            "y_max": 0.5179973840713501,
            "mask": true
        },
        {
            "x_min": 0.11632125824689865,
            "y_min": 0.4074209928512573,
            "x_max": 0.18576985597610474,
            "y_max": 0.5310906171798706,
            "mask": true
        },
        {
            "x_min": 0.7210226655006409,
            "y_min": 0.24154256284236908,
            "x_max": 0.7731679081916809,
            "y_max": 0.3456195294857025,
            "mask": true
        },
        {
            "x_min": 0.37445077300071716,
            "y_min": 0.3692270517349243,
            "x_max": 0.4219723045825958,
            "y_max": 0.4361819326877594,
            "mask": true
        }
    ]
}