{
    "kids-teacher-wearing-medical-masks-classroom.jpg": [
        {
            "x_min": 0.2352619171142578,
            "y_min": 0.17662768065929413,
            "x_max": 0.2899567484855652,
            "y_max": 0.37446674704551697,
            "mask": true
        },
        {
            "x_min": 0.7088336944580078,
            "y_min": 0.10836031287908554,
            "x_max": 0.8366961479187012,
            "y_max": 0.5125106573104858,
            "mask": true
        },
        {
            "x_min": 0.3079166114330292,
            "y_min": 0.24504868686199188,
            "x_max": 0.3607294261455536,
            "y_max": 0.4412630498409271,
            "mask": true
        }
    ]
}