{
    "mira-kireeva-xTq26wLo5do-unsplash.jpg": [
        {
            "x_min": 0.7282462120056152,
            "y_min": 0.3068194091320038,
            "x_max": 0.8216935992240906,
            "y_max": 0.5111992359161377,
            "mask": true
        },
        {
            "x_min": 0.28346139192581177,
            "y_min": 0.2734566628932953,
            "x_max": 0.36584681272506714,
            "y_max": 0.4706060588359833,
            "mask": true
        }
    ]
}