{
    "muneer-ahmed-ok-UNc-Xtmh7Zw-unsplash.jpg": [
        {
            "x_min": 0.5975725650787354,
            "y_min": 0.1611405611038208,
            "x_max": 0.7611425518989563,
            "y_max": 0.5008772015571594,
            "mask": true
        },
        {
            "x_min": 0.3954930901527405,
            "y_min": 0.4981240928173065,
            "x_max": 0.4576427936553955,
            "y_max": 0.6426753401756287,
            "mask": true
        },
        {
            "x_min": 0.24249796569347382,
            "y_min": 0.5644081830978394,
            "x_max": 0.28673025965690613,
            "y_max": 0.6702941060066223,
            "mask": true
        },
        {
            "x_min": 0.9489679336547852,
            "y_min": 0.5022087693214417,
            "x_max": 0.9985511302947998,
            "y_max": 0.612929105758667,
            "mask": true
        }
    ]
}