{
    "muneer-ahmed-ok-gtK3qLDKf9g-unsplash.jpg": [
        {
            "x_min": 0.5284173488616943,
            "y_min": 0.2579052746295929,
            "x_max": 0.6531122922897339,
            "y_max": 0.5281547904014587,
            "mask": true
        },
        {
            "x_min": 0.7527322173118591,
            "y_min": 0.3731175363063812,
            "x_max": 0.9128913283348083,
            "y_max": 0.7406787276268005,
            "mask": true
        },
        {
            "x_min": 0.08205409,
            "y_min": 0.37369792,
            "x_max": 0.16794591,
            "y_max": 0.55533854,
            "mask": true
        }
    ]
}