{
    "pexels-rdne-stock-project-8499537.jpg": [
        {
            "x_min": 0.5723810195922852,
            "y_min": 0.4489019811153412,
            "x_max": 0.6290467381477356,
            "y_max": 0.4983766973018646,
            "mask": true
        },
        {
            "x_min": 0.4995892643928528,
            "y_min": 0.475768506526947,
            "x_max": 0.5551320314407349,
            "y_max": 0.5232289433479309,
            "mask": true
        },
        {
            "x_min": 0.3554493486881256,
            "y_min": 0.45333391427993774,
            "x_max": 0.41957131028175354,
            "y_max": 0.5043222904205322,
            "mask": true
        },
        {
            "x_min": 0.9535084366798401,
            "y_min": 0.5985583066940308,
            "x_max": 0.9780168533325195,
            "y_max": 0.617513120174408,
            "mask": true
        }
    ]
}