{
    "pexels-yan-krukau-8613091.jpg": [
        {
            "x_min": 0.5001562833786011,
            "y_min": 0.2581057548522949,
            "x_max": 0.6778203845024109,
            "y_max": 0.3910875618457794,
            "mask": false
        },
        {
            "x_min": 0.37540197372436523,
            "y_min": 0.35297122597694397,
            "x_max": 0.4983421862125397,
            "y_max": 0.45436394214630127,
            "mask": false
        },
        {
            "x_min": 0.26490309834480286,
            "y_min": 0.20477399230003357,
            "x_max": 0.44775375723838806,
            "y_max": 0.30425742268562317,
            "mask": false
        },
        {
            "x_min": 0.7316365838050842,
            "y_min": 0.7103670835494995,
            "x_max": 0.848421037197113,
            "y_max": 0.8517298698425293,
            "mask": false
        }
    ]
}