{
    "pexels-mikhail-nilov-8923156.jpg": [
        {
            "x_min": 0.3608948886394501,
            "y_min": 0.3608274757862091,
            "x_max": 0.4132981300354004,
            "y_max": 0.45747870206832886,
            "mask": false
        },
        {
            "x_min": 0.12402118742465973,
            "y_min": 0.35846471786499023,
            "x_max": 0.17560923099517822,
            "y_max": 0.474638968706131,
            "mask": false
        },
        {
            "x_min": 0.7603926062583923,
            "y_min": 0.44957801699638367,
            "x_max": 0.8017553091049194,
            "y_max": 0.5506364703178406,
            "mask": false
        }
    ]
}