{
    "pexels-anastasia-shuraeva-8466783.jpg": [
        {
            "x_min": 0.4406331777572632,
            "y_min": 0.23627783358097076,
            "x_max": 0.49675253033638,
            "y_max": 0.3434689939022064,
            "mask": false
        },
        {
            "x_min": 0.2435004562139511,
            "y_min": 0.2389310747385025,
            "x_max": 0.2947016656398773,
            "y_max": 0.3464435040950775,
            "mask": false
        },
        {
            "x_min": 0.5911967754364014,
            "y_min": 0.24360531568527222,
            "x_max": 0.6469324231147766,
            "y_max": 0.35194188356399536,
            "mask": false
        },
        {
            "x_min": 0.7017917633056641,
            "y_min": 0.26567205786705017,
            "x_max": 0.759727418422699,
            "y_max": 0.3840011954307556,
            "mask": false
        }
    ]
}