{
    "pexels-rdne-stock-project-8500274.jpg": [
        {
            "x_min": 0.4700934886932373,
            "y_min": 0.3788740932941437,
            "x_max": 0.6419932842254639,
            "y_max": 0.5131208300590515,
            "mask": false
        },
        {
            "x_min": 0.15656687319278717,
            "y_min": 0.4522230923175812,
            "x_max": 0.21509882807731628,
            "y_max": 0.5013436079025269,
            "mask": false
        }
    ]
}