{
    "pexels-rdne-stock-project-8500342.jpg": [
        {
            "x_min": 0.7025447487831116,
            "y_min": 0.41054341197013855,
            "x_max": 0.7715446352958679,
            "y_max": 0.46712931990623474,
            "mask": false
        },
        {
            "x_min": 0.3139152228832245,
            "y_min": 0.47363168001174927,
            "x_max": 0.3782961070537567,
            "y_max": 0.522222638130188,
            "mask": false
        },
        {
            "x_min": 0.21273405849933624,
            "y_min": 0.42413872480392456,
            "x_max": 0.27785465121269226,
            "y_max": 0.46432408690452576,
            "mask": false
        }
    ]
}