{
    "pexels-mary-taylor-5896525.jpg": [
        {
            "x_min": 0.3320080041885376,
            "y_min": 0.4363899827003479,
            "x_max": 0.39138278365135193,
            "y_max": 0.495126873254776,
            "mask": false
        },
        {
            "x_min": 0.5175184011459351,
            "y_min": 0.434889018535614,
            "x_max": 0.5721234083175659,
            "y_max": 0.4872111678123474,
            "mask": false
        }
    ]
}