{
    "pexels-max-fischer-5212344.jpg": [
        {
            "x_min": 0.42548224329948425,
            "y_min": 0.4010337293148041,
            "x_max": 0.645155131816864,
            "y_max": 0.5896874666213989,
            "mask": false
        },
        {
            "x_min": 0.2630767524242401,
            "y_min": 0.2451898753643036,
            "x_max": 0.375728964805603,
            "y_max": 0.3556673228740692,
            "mask": false
        }
    ]
}