{
    "teenagers-5533704.jpg": [
        {
            "x_min": 0.5534675121307373,
            "y_min": 0.28344953060150146,
            "x_max": 0.7028189301490784,
            "y_max": 0.5706225633621216,
            "mask": true
        },
        {
            "x_min": 0.29895398020744324,
            "y_min": 0.4313596189022064,
            "x_max": 0.4289639890193939,
            "y_max": 0.6849457025527954,
            "mask": false
        },
        {
            "x_min": 0.17413389682769775,
            "y_min": 0.3911965489387512,
            "x_max": 0.29288363456726074,
            "y_max": 0.6891971826553345,
            "mask": true
        },
        {
            "x_min": 0.8930839896202087,
            "y_min": 0.2817170321941376,
            "x_max": 0.9800453186035156,
            "y_max": 0.5236449837684631,
            "mask": true
        }
    ]
}