{
    "women-with-medical-masks-queue-outdoors.jpg": [
        {
            "x_min": 0.20648011565208435,
            "y_min": 0.10919394344091415,
            "x_max": 0.39643222093582153,
            "y_max": 0.388735830783844,
            "mask": true
        },
        {
            "x_min": 0.7348096370697021,
            "y_min": 0.31725358963012695,
            "x_max": 0.8126356601715088,
            "y_max": 0.42732343077659607,
            "mask": true
        }
    ]
}