{
    "loss": [
        0.08469010889530182,
        0.034980881959199905,
        0.03350154682993889
    ],
    "accuracy": [
        0.9700000286102295,
        0.988099992275238,
        0.9879999756813049
    ],
    "val_loss": [
        0.026556910946965218,
        0.01188264973461628,
        0.010021370835602283
    ],
    "val_accuracy": [
        0.9900000095367432,
        0.9975000023841858,
        0.9975000023841858
    ]
}